image,grade
01\DER\IM000000.JPG,_LABEL_KOSONG_
01\DER\IM000001.JPG,_LABEL_KOSONG_
01\DER\IM000002.JPG,_LABEL_KOSONG_
01\DER\IM000003.JPG,_LABEL_KOSONG_
01\IZQ\IM000005.JPG,_LABEL_KOSONG_
01\IZQ\IM000006.JPG,_LABEL_KOSONG_
01\IZQ\IM000007.JPG,_LABEL_KOSONG_
02\DER\IM000004.JPG,_LABEL_KOSONG_
02\DER\IM000005.JPG,_LABEL_KOSONG_
02\DER\IM000006.JPG,_LABEL_KOSONG_
02\DER\IM000007.JPG,_LABEL_KOSONG_
02\DER\IM000008.JPG,_LABEL_KOSONG_
02\DER\IM000009.JPG,_LABEL_KOSONG_
02\IZQ\IM000010.JPG,_LABEL_KOSONG_
02\IZQ\IM000011.JPG,_LABEL_KOSONG_
02\IZQ\IM000012.JPG,_LABEL_KOSONG_
02\IZQ\IM000013.JPG,_LABEL_KOSONG_
02\IZQ\IM000014.JPG,_LABEL_KOSONG_
02\IZQ\IM000015.JPG,_LABEL_KOSONG_
03\DER\IM000000.JPG,_LABEL_KOSONG_
03\DER\IM000001.JPG,_LABEL_KOSONG_
03\DER\IM000002.JPG,_LABEL_KOSONG_
03\DER\IM000003.JPG,_LABEL_KOSONG_
03\DER\IM000004.JPG,_LABEL_KOSONG_
03\DER\IM000005.JPG,_LABEL_KOSONG_
03\DER\IM000006.JPG,_LABEL_KOSONG_
03\IZQ\IM000007.JPG,_LABEL_KOSONG_
03\IZQ\IM000008.JPG,_LABEL_KOSONG_
03\IZQ\IM000009.JPG,_LABEL_KOSONG_
03\IZQ\IM000010.JPG,_LABEL_KOSONG_
03\IZQ\IM000011.JPG,_LABEL_KOSONG_
03\IZQ\IM000012.JPG,_LABEL_KOSONG_
03\IZQ\IM000013.JPG,_LABEL_KOSONG_
03\IZQ\IM000014.JPG,_LABEL_KOSONG_
03\IZQ\IM000015.JPG,_LABEL_KOSONG_
04\DER\IM000001.JPG,_LABEL_KOSONG_
04\DER\IM000002.JPG,_LABEL_KOSONG_
04\DER\IM000003.JPG,_LABEL_KOSONG_
04\DER\IM000004.JPG,_LABEL_KOSONG_
04\DER\IM000005.JPG,_LABEL_KOSONG_
04\IZQ\IM000006.JPG,_LABEL_KOSONG_
04\IZQ\IM000007.JPG,_LABEL_KOSONG_
04\IZQ\IM000008.JPG,_LABEL_KOSONG_
04\IZQ\IM000009.JPG,_LABEL_KOSONG_
04\IZQ\IM000010.JPG,_LABEL_KOSONG_
05\DER\IM000000.JPG,_LABEL_KOSONG_
05\DER\IM000001.JPG,_LABEL_KOSONG_
05\DER\IM000002.JPG,_LABEL_KOSONG_
05\DER\IM000003.JPG,_LABEL_KOSONG_
05\DER\IM000004.JPG,_LABEL_KOSONG_
05\DER\IM000005.JPG,_LABEL_KOSONG_
05\DER\IM000006.JPG,_LABEL_KOSONG_
05\IZQ\IM000007.JPG,_LABEL_KOSONG_
05\IZQ\IM000008.JPG,_LABEL_KOSONG_
05\IZQ\IM000009.JPG,_LABEL_KOSONG_
05\IZQ\IM000010.JPG,_LABEL_KOSONG_
06\Der\IM000000.JPG,_LABEL_KOSONG_
06\Der\IM000001.JPG,_LABEL_KOSONG_
06\Der\IM000002.JPG,_LABEL_KOSONG_
06\Der\IM000003.JPG,_LABEL_KOSONG_
06\Der\IM000004.JPG,_LABEL_KOSONG_
06\Der\IM000005.JPG,_LABEL_KOSONG_
06\Izq\IM000006.JPG,_LABEL_KOSONG_
06\Izq\IM000007.JPG,_LABEL_KOSONG_
06\Izq\IM000008.JPG,_LABEL_KOSONG_
06\Izq\IM000009.JPG,_LABEL_KOSONG_
07\DER\IM000000.JPG,_LABEL_KOSONG_
07\DER\IM000001.JPG,_LABEL_KOSONG_
07\DER\IM000002.JPG,_LABEL_KOSONG_
07\DER\IM000003.JPG,_LABEL_KOSONG_
07\DER\IM000004.JPG,_LABEL_KOSONG_
07\DER\IM000005.JPG,_LABEL_KOSONG_
07\IZQ\IM000006.JPG,_LABEL_KOSONG_
07\IZQ\IM000007.JPG,_LABEL_KOSONG_
07\IZQ\IM000008.JPG,_LABEL_KOSONG_
07\IZQ\IM000009.JPG,_LABEL_KOSONG_
07\IZQ\IM000010.JPG,_LABEL_KOSONG_
07\IZQ\IM000011.JPG,_LABEL_KOSONG_
08\IZQ\IM000001.JPG,_LABEL_KOSONG_
08\IZQ\IM000002.JPG,_LABEL_KOSONG_
08\IZQ\IM000003.JPG,_LABEL_KOSONG_
08\IZQ\IM000004.JPG,_LABEL_KOSONG_
08\IZQ\IM000005.JPG,_LABEL_KOSONG_
08\IZQ\IM000006.JPG,_LABEL_KOSONG_
09\DER\IM000000.JPG,_LABEL_KOSONG_
09\DER\IM000001.JPG,_LABEL_KOSONG_
09\DER\IM000002.JPG,_LABEL_KOSONG_
09\DER\IM000003.JPG,_LABEL_KOSONG_
09\DER\IM000004.JPG,_LABEL_KOSONG_
09\IZQ\IM000005.JPG,_LABEL_KOSONG_
09\IZQ\IM000006.JPG,_LABEL_KOSONG_
09\IZQ\IM000007.JPG,_LABEL_KOSONG_
09\IZQ\IM000008.JPG,_LABEL_KOSONG_
09\IZQ\IM000009.JPG,_LABEL_KOSONG_
09\IZQ\IM000010.JPG,_LABEL_KOSONG_
10\DER\IM000001.JPG,_LABEL_KOSONG_
10\DER\IM000002.JPG,_LABEL_KOSONG_
10\DER\IM000003.JPG,_LABEL_KOSONG_
10\DER\IM000004.JPG,_LABEL_KOSONG_
10\DER\IM000005.JPG,_LABEL_KOSONG_
10\DER\IM000006.JPG,_LABEL_KOSONG_
10\DER\IM000007.JPG,_LABEL_KOSONG_
10\IZQ\IM000008.JPG,_LABEL_KOSONG_
10\IZQ\IM000009.JPG,_LABEL_KOSONG_
10\IZQ\IM000010.JPG,_LABEL_KOSONG_
10\IZQ\IM000011.JPG,_LABEL_KOSONG_
10\IZQ\IM000012.JPG,_LABEL_KOSONG_
100\DER\IM000001.JPG,_LABEL_KOSONG_
100\DER\IM000002.JPG,_LABEL_KOSONG_
100\DER\IM000004.JPG,_LABEL_KOSONG_
100\DER\IM000005.JPG,_LABEL_KOSONG_
100\DER\IM000006.JPG,_LABEL_KOSONG_
100\DER\IM000007.JPG,_LABEL_KOSONG_
100\IZQ\IM000009.JPG,_LABEL_KOSONG_
100\IZQ\IM000010.JPG,_LABEL_KOSONG_
100\IZQ\IM000011.JPG,_LABEL_KOSONG_
100\IZQ\IM000012.JPG,_LABEL_KOSONG_
100\IZQ\IM000013.JPG,_LABEL_KOSONG_
100\IZQ\IM000014.JPG,_LABEL_KOSONG_
100\IZQ\IM000015.JPG,_LABEL_KOSONG_
100\IZQ\IM000016.JPG,_LABEL_KOSONG_
100\IZQ\IM000017.JPG,_LABEL_KOSONG_
101\DER\IM000000.JPG,_LABEL_KOSONG_
101\DER\IM000001.JPG,_LABEL_KOSONG_
101\DER\IM000002.JPG,_LABEL_KOSONG_
101\DER\IM000003.JPG,_LABEL_KOSONG_
101\DER\IM000004.JPG,_LABEL_KOSONG_
101\DER\IM000005.JPG,_LABEL_KOSONG_
101\DER\IM000006.JPG,_LABEL_KOSONG_
101\IZQ\IM000007.JPG,_LABEL_KOSONG_
101\IZQ\IM000008.JPG,_LABEL_KOSONG_
101\IZQ\IM000009.JPG,_LABEL_KOSONG_
101\IZQ\IM000010.JPG,_LABEL_KOSONG_
101\IZQ\IM000011.JPG,_LABEL_KOSONG_
102\DER\IM000001.JPG,_LABEL_KOSONG_
102\DER\IM000002.JPG,_LABEL_KOSONG_
102\DER\IM000003.JPG,_LABEL_KOSONG_
102\DER\IM000004.JPG,_LABEL_KOSONG_
102\DER\IM000005.JPG,_LABEL_KOSONG_
102\DER\IM000006.JPG,_LABEL_KOSONG_
102\IZQ\IM000007.JPG,_LABEL_KOSONG_
102\IZQ\IM000008.JPG,_LABEL_KOSONG_
102\IZQ\IM000009.JPG,_LABEL_KOSONG_
102\IZQ\IM000010.JPG,_LABEL_KOSONG_
102\IZQ\IM000011.JPG,_LABEL_KOSONG_
102\IZQ\IM000012.JPG,_LABEL_KOSONG_
102\IZQ\IM000013.JPG,_LABEL_KOSONG_
103\DER\IM000002.JPG,_LABEL_KOSONG_
103\DER\IM000003.JPG,_LABEL_KOSONG_
103\DER\IM000004.JPG,_LABEL_KOSONG_
103\DER\IM000005.JPG,_LABEL_KOSONG_
103\DER\IM000006.JPG,_LABEL_KOSONG_
103\IZQ\IM000007.JPG,_LABEL_KOSONG_
103\IZQ\IM000008.JPG,_LABEL_KOSONG_
103\IZQ\IM000009.JPG,_LABEL_KOSONG_
103\IZQ\IM000010.JPG,_LABEL_KOSONG_
103\IZQ\IM000011.JPG,_LABEL_KOSONG_
103\IZQ\IM000012.JPG,_LABEL_KOSONG_
103\IZQ\IM000013.JPG,_LABEL_KOSONG_
104\DER\IM000001.JPG,_LABEL_KOSONG_
104\DER\IM000002.JPG,_LABEL_KOSONG_
104\DER\IM000003.JPG,_LABEL_KOSONG_
104\DER\IM000004.JPG,_LABEL_KOSONG_
104\DER\IM000005.JPG,_LABEL_KOSONG_
104\IZQ\IM000006.JPG,_LABEL_KOSONG_
104\IZQ\IM000007.JPG,_LABEL_KOSONG_
104\IZQ\IM000008.JPG,_LABEL_KOSONG_
104\IZQ\IM000009.JPG,_LABEL_KOSONG_
104\IZQ\IM000010.JPG,_LABEL_KOSONG_
105\DER\IM000001.JPG,_LABEL_KOSONG_
105\DER\IM000002.JPG,_LABEL_KOSONG_
105\DER\IM000003.JPG,_LABEL_KOSONG_
105\DER\IM000004.JPG,_LABEL_KOSONG_
105\DER\IM000005.JPG,_LABEL_KOSONG_
105\DER\IM000006.JPG,_LABEL_KOSONG_
105\IZQ\IM000007.JPG,_LABEL_KOSONG_
105\IZQ\IM000008.JPG,_LABEL_KOSONG_
105\IZQ\IM000009.JPG,_LABEL_KOSONG_
105\IZQ\IM000010.JPG,_LABEL_KOSONG_
105\IZQ\IM000011.JPG,_LABEL_KOSONG_
106\DER\IM000001.JPG,_LABEL_KOSONG_
106\DER\IM000002.JPG,_LABEL_KOSONG_
106\DER\IM000003.JPG,_LABEL_KOSONG_
106\DER\IM000004.JPG,_LABEL_KOSONG_
106\DER\IM000005.JPG,_LABEL_KOSONG_
106\IZQ\IM000008.JPG,_LABEL_KOSONG_
106\IZQ\IM000009.JPG,_LABEL_KOSONG_
107\DER\IM000007.JPG,_LABEL_KOSONG_
107\DER\IM000008.JPG,_LABEL_KOSONG_
107\DER\IM000009.JPG,_LABEL_KOSONG_
107\DER\IM000010.JPG,_LABEL_KOSONG_
107\DER\IM000011.JPG,_LABEL_KOSONG_
107\IZQ\IM000001.JPG,_LABEL_KOSONG_
107\IZQ\IM000002.JPG,_LABEL_KOSONG_
107\IZQ\IM000003.JPG,_LABEL_KOSONG_
107\IZQ\IM000004.JPG,_LABEL_KOSONG_
107\IZQ\IM000005.JPG,_LABEL_KOSONG_
107\IZQ\IM000006.JPG,_LABEL_KOSONG_
108\DER\IM000000.JPG,_LABEL_KOSONG_
108\DER\IM000001.JPG,_LABEL_KOSONG_
108\DER\IM000002.JPG,_LABEL_KOSONG_
108\DER\IM000003.JPG,_LABEL_KOSONG_
108\DER\IM000004.JPG,_LABEL_KOSONG_
108\DER\IM000005.JPG,_LABEL_KOSONG_
108\DER\IM000006.JPG,_LABEL_KOSONG_
108\DER\IM000007.JPG,_LABEL_KOSONG_
108\DER\IM000008.JPG,_LABEL_KOSONG_
108\IZQ\IM000009.JPG,_LABEL_KOSONG_
108\IZQ\IM000010.JPG,_LABEL_KOSONG_
108\IZQ\IM000011.JPG,_LABEL_KOSONG_
108\IZQ\IM000012.JPG,_LABEL_KOSONG_
108\IZQ\IM000013.JPG,_LABEL_KOSONG_
108\IZQ\IM000014.JPG,_LABEL_KOSONG_
109\DER\IM000001.JPG,_LABEL_KOSONG_
109\DER\IM000002.JPG,_LABEL_KOSONG_
109\DER\IM000003.JPG,_LABEL_KOSONG_
109\DER\IM000004.JPG,_LABEL_KOSONG_
109\DER\IM000005.JPG,_LABEL_KOSONG_
109\DER\IM000006.JPG,_LABEL_KOSONG_
109\DER\IM000007.JPG,_LABEL_KOSONG_
109\IZQ\IM000008.JPG,_LABEL_KOSONG_
109\IZQ\IM000009.JPG,_LABEL_KOSONG_
109\IZQ\IM000010.JPG,_LABEL_KOSONG_
109\IZQ\IM000011.JPG,_LABEL_KOSONG_
11\DER\IM000000.JPG,_LABEL_KOSONG_
11\DER\IM000001.JPG,_LABEL_KOSONG_
11\DER\IM000002.JPG,_LABEL_KOSONG_
11\DER\IM000003.JPG,_LABEL_KOSONG_
11\DER\IM000004.JPG,_LABEL_KOSONG_
11\DER\IM000005.JPG,_LABEL_KOSONG_
11\IZQ\IM000006.JPG,_LABEL_KOSONG_
11\IZQ\IM000007.JPG,_LABEL_KOSONG_
11\IZQ\IM000008.JPG,_LABEL_KOSONG_
11\IZQ\IM000009.JPG,_LABEL_KOSONG_
11\IZQ\IM000010.JPG,_LABEL_KOSONG_
110\DER\IM000000.JPG,_LABEL_KOSONG_
110\DER\IM000001.JPG,_LABEL_KOSONG_
110\DER\IM000002.JPG,_LABEL_KOSONG_
110\DER\IM000003.JPG,_LABEL_KOSONG_
110\DER\IM000004.JPG,_LABEL_KOSONG_
110\DER\IM000005.JPG,_LABEL_KOSONG_
110\DER\IM000006.JPG,_LABEL_KOSONG_
110\DER\IM000007.JPG,_LABEL_KOSONG_
110\IZQ\IM000008.JPG,_LABEL_KOSONG_
110\IZQ\IM000009.JPG,_LABEL_KOSONG_
110\IZQ\IM000010.JPG,_LABEL_KOSONG_
110\IZQ\IM000011.JPG,_LABEL_KOSONG_
110\IZQ\IM000012.JPG,_LABEL_KOSONG_
110\IZQ\IM000013.JPG,_LABEL_KOSONG_
110\IZQ\IM000014.JPG,_LABEL_KOSONG_
111\DER\IM000001.JPG,_LABEL_KOSONG_
111\DER\IM000002.JPG,_LABEL_KOSONG_
111\DER\IM000003.JPG,_LABEL_KOSONG_
111\DER\IM000005.JPG,_LABEL_KOSONG_
111\DER\IM000006.JPG,_LABEL_KOSONG_
111\DER\IM000007.JPG,_LABEL_KOSONG_
111\IZQ\IM000008.JPG,_LABEL_KOSONG_
111\IZQ\IM000009.JPG,_LABEL_KOSONG_
111\IZQ\IM000010.JPG,_LABEL_KOSONG_
111\IZQ\IM000011.JPG,_LABEL_KOSONG_
111\IZQ\IM000012.JPG,_LABEL_KOSONG_
112\DER\IM000001.JPG,_LABEL_KOSONG_
112\DER\IM000003.JPG,_LABEL_KOSONG_
112\DER\IM000004.JPG,_LABEL_KOSONG_
112\DER\IM000005.JPG,_LABEL_KOSONG_
112\DER\IM000006.JPG,_LABEL_KOSONG_
112\DER\IM000007.JPG,_LABEL_KOSONG_
112\DER\IM000009.JPG,_LABEL_KOSONG_
112\DER\IM000010.JPG,_LABEL_KOSONG_
112\DER\IM000011.JPG,_LABEL_KOSONG_
112\IZQ\IM000012.JPG,_LABEL_KOSONG_
112\IZQ\IM000013.JPG,_LABEL_KOSONG_
112\IZQ\IM000014.JPG,_LABEL_KOSONG_
112\IZQ\IM000015.JPG,_LABEL_KOSONG_
112\IZQ\IM000016.JPG,_LABEL_KOSONG_
112\IZQ\IM000017.JPG,_LABEL_KOSONG_
113\DER\IM000000.JPG,_LABEL_KOSONG_
113\DER\IM000001.JPG,_LABEL_KOSONG_
113\DER\IM000002.JPG,_LABEL_KOSONG_
113\DER\IM000003.JPG,_LABEL_KOSONG_
113\DER\IM000004.JPG,_LABEL_KOSONG_
113\DER\IM000005.JPG,_LABEL_KOSONG_
113\DER\IM000006.JPG,_LABEL_KOSONG_
113\DER\IM000007.JPG,_LABEL_KOSONG_
113\DER\IM000008.JPG,_LABEL_KOSONG_
113\IZQ\IM000009.JPG,_LABEL_KOSONG_
113\IZQ\IM000010.JPG,_LABEL_KOSONG_
113\IZQ\IM000011.JPG,_LABEL_KOSONG_
113\IZQ\IM000012.JPG,_LABEL_KOSONG_
113\IZQ\IM000013.JPG,_LABEL_KOSONG_
114\DER\IM000000.JPG,_LABEL_KOSONG_
114\DER\IM000001.JPG,_LABEL_KOSONG_
114\DER\IM000002.JPG,_LABEL_KOSONG_
114\DER\IM000003.JPG,_LABEL_KOSONG_
114\DER\IM000004.JPG,_LABEL_KOSONG_
114\DER\IM000005.JPG,_LABEL_KOSONG_
114\DER\IM000006.JPG,_LABEL_KOSONG_
114\DER\IM000007.JPG,_LABEL_KOSONG_
114\IZQ\IM000008.JPG,_LABEL_KOSONG_
114\IZQ\IM000009.JPG,_LABEL_KOSONG_
114\IZQ\IM000010.JPG,_LABEL_KOSONG_
114\IZQ\IM000011.JPG,_LABEL_KOSONG_
115\DER\IM000000.JPG,_LABEL_KOSONG_
115\DER\IM000001.JPG,_LABEL_KOSONG_
115\DER\IM000002.JPG,_LABEL_KOSONG_
115\DER\IM000003.JPG,_LABEL_KOSONG_
115\DER\IM000004.JPG,_LABEL_KOSONG_
115\DER\IM000005.JPG,_LABEL_KOSONG_
115\DER\IM000006.JPG,_LABEL_KOSONG_
115\IZQ\IM000007.JPG,_LABEL_KOSONG_
115\IZQ\IM000008.JPG,_LABEL_KOSONG_
115\IZQ\IM000009.JPG,_LABEL_KOSONG_
115\IZQ\IM000010.JPG,_LABEL_KOSONG_
115\IZQ\IM000011.JPG,_LABEL_KOSONG_
115\IZQ\IM000012.JPG,_LABEL_KOSONG_
115\IZQ\IM000013.JPG,_LABEL_KOSONG_
12\DER\IM000000.JPG,_LABEL_KOSONG_
12\DER\IM000001.JPG,_LABEL_KOSONG_
12\DER\IM000002.JPG,_LABEL_KOSONG_
12\IZQ\IM000003.JPG,_LABEL_KOSONG_
12\IZQ\IM000004.JPG,_LABEL_KOSONG_
12\IZQ\IM000005.JPG,_LABEL_KOSONG_
12\IZQ\IM000006.JPG,_LABEL_KOSONG_
12\IZQ\IM000007.JPG,_LABEL_KOSONG_
12\IZQ\IM000008.JPG,_LABEL_KOSONG_
13\DER\IM000001.JPG,_LABEL_KOSONG_
13\DER\IM000002.JPG,_LABEL_KOSONG_
13\DER\IM000003.JPG,_LABEL_KOSONG_
13\DER\IM000004.JPG,_LABEL_KOSONG_
13\DER\IM000005.JPG,_LABEL_KOSONG_
13\DER\IM000006.JPG,_LABEL_KOSONG_
13\IZQ\IM000007.JPG,_LABEL_KOSONG_
13\IZQ\IM000008.JPG,_LABEL_KOSONG_
13\IZQ\IM000009.JPG,_LABEL_KOSONG_
13\IZQ\IM000010.JPG,_LABEL_KOSONG_
13\IZQ\IM000011.JPG,_LABEL_KOSONG_
13\IZQ\IM000012.JPG,_LABEL_KOSONG_
14\DER\IM000000.JPG,_LABEL_KOSONG_
14\DER\IM000001.JPG,_LABEL_KOSONG_
14\DER\IM000002.JPG,_LABEL_KOSONG_
14\DER\IM000003.JPG,_LABEL_KOSONG_
14\DER\IM000004.JPG,_LABEL_KOSONG_
14\DER\IM000005.JPG,_LABEL_KOSONG_
14\IZQ\IM000006.JPG,_LABEL_KOSONG_
14\IZQ\IM000007.JPG,_LABEL_KOSONG_
14\IZQ\IM000008.JPG,_LABEL_KOSONG_
14\IZQ\IM000009.JPG,_LABEL_KOSONG_
14\IZQ\IM000010.JPG,_LABEL_KOSONG_
14\IZQ\IM000011.JPG,_LABEL_KOSONG_
15\DER\IM000001.JPG,_LABEL_KOSONG_
15\DER\IM000002.JPG,_LABEL_KOSONG_
15\DER\IM000003.JPG,_LABEL_KOSONG_
15\DER\IM000004.JPG,_LABEL_KOSONG_
15\IZQ\IM000005.JPG,_LABEL_KOSONG_
15\IZQ\IM000006.JPG,_LABEL_KOSONG_
15\IZQ\IM000007.JPG,_LABEL_KOSONG_
16\DER\IM000001.JPG,_LABEL_KOSONG_
16\DER\IM000002.JPG,_LABEL_KOSONG_
16\DER\IM000003.JPG,_LABEL_KOSONG_
16\DER\IM000004.JPG,_LABEL_KOSONG_
16\DER\IM000005.JPG,_LABEL_KOSONG_
16\DER\IM000006.JPG,_LABEL_KOSONG_
16\DER\IM000007.JPG,_LABEL_KOSONG_
16\IZQ\IM000008.JPG,_LABEL_KOSONG_
16\IZQ\IM000009.JPG,_LABEL_KOSONG_
16\IZQ\IM000010.JPG,_LABEL_KOSONG_
16\IZQ\IM000011.JPG,_LABEL_KOSONG_
16\IZQ\IM000012.JPG,_LABEL_KOSONG_
17\DER\IM000000.JPG,_LABEL_KOSONG_
17\DER\IM000001.JPG,_LABEL_KOSONG_
17\DER\IM000002.JPG,_LABEL_KOSONG_
17\DER\IM000003.JPG,_LABEL_KOSONG_
17\DER\IM000004.JPG,_LABEL_KOSONG_
17\IZQ\IM000005.JPG,_LABEL_KOSONG_
17\IZQ\IM000006.JPG,_LABEL_KOSONG_
17\IZQ\IM000007.JPG,_LABEL_KOSONG_
17\IZQ\IM000008.JPG,_LABEL_KOSONG_
18\DER\IM000002.JPG,_LABEL_KOSONG_
18\DER\IM000003.JPG,_LABEL_KOSONG_
18\DER\IM000004.JPG,_LABEL_KOSONG_
18\DER\IM000005.JPG,_LABEL_KOSONG_
18\DER\IM000006.JPG,_LABEL_KOSONG_
18\IZQ\IM000007.JPG,_LABEL_KOSONG_
18\IZQ\IM000008.JPG,_LABEL_KOSONG_
18\IZQ\IM000009.JPG,_LABEL_KOSONG_
18\IZQ\IM000010.JPG,_LABEL_KOSONG_
18\IZQ\IM000011.JPG,_LABEL_KOSONG_
19\DER\IM000000.JPG,_LABEL_KOSONG_
19\DER\IM000001.JPG,_LABEL_KOSONG_
19\DER\IM000002.JPG,_LABEL_KOSONG_
19\DER\IM000003.JPG,_LABEL_KOSONG_
19\DER\IM000004.JPG,_LABEL_KOSONG_
19\DER\IM000005.JPG,_LABEL_KOSONG_
19\DER\IM000006.JPG,_LABEL_KOSONG_
19\DER\IM000007.JPG,_LABEL_KOSONG_
19\IZQ\IM000009.JPG,_LABEL_KOSONG_
19\IZQ\IM000010.JPG,_LABEL_KOSONG_
19\IZQ\IM000011.JPG,_LABEL_KOSONG_
19\IZQ\IM000012.JPG,_LABEL_KOSONG_
19\IZQ\IM000013.JPG,_LABEL_KOSONG_
19\IZQ\IM000014.JPG,_LABEL_KOSONG_
19\IZQ\IM000015.JPG,_LABEL_KOSONG_
19\IZQ\IM000016.JPG,_LABEL_KOSONG_
20\DER\IM000000.JPG,_LABEL_KOSONG_
20\DER\IM000001.JPG,_LABEL_KOSONG_
20\DER\IM000002.JPG,_LABEL_KOSONG_
20\DER\IM000003.JPG,_LABEL_KOSONG_
20\DER\IM000004.JPG,_LABEL_KOSONG_
20\DER\IM000005.JPG,_LABEL_KOSONG_
20\DER\IM000006.JPG,_LABEL_KOSONG_
20\DER\IM000007.JPG,_LABEL_KOSONG_
20\IZQ\IM000008.JPG,_LABEL_KOSONG_
20\IZQ\IM000009.JPG,_LABEL_KOSONG_
20\IZQ\IM000010.JPG,_LABEL_KOSONG_
20\IZQ\IM000011.JPG,_LABEL_KOSONG_
20\IZQ\IM000012.JPG,_LABEL_KOSONG_
20\IZQ\IM000013.JPG,_LABEL_KOSONG_
20\IZQ\IM000014.JPG,_LABEL_KOSONG_
20\IZQ\IM000015.JPG,_LABEL_KOSONG_
21\DER\IM000000.JPG,_LABEL_KOSONG_
21\DER\IM000001.JPG,_LABEL_KOSONG_
21\DER\IM000002.JPG,_LABEL_KOSONG_
21\DER\IM000003.JPG,_LABEL_KOSONG_
21\DER\IM000004.JPG,_LABEL_KOSONG_
21\DER\IM000005.JPG,_LABEL_KOSONG_
21\IZQ\IM000006.JPG,_LABEL_KOSONG_
21\IZQ\IM000007.JPG,_LABEL_KOSONG_
21\IZQ\IM000008.JPG,_LABEL_KOSONG_
21\IZQ\IM000009.JPG,_LABEL_KOSONG_
21\IZQ\IM000010.JPG,_LABEL_KOSONG_
21\IZQ\IM000011.JPG,_LABEL_KOSONG_
22\DER\IM000000.JPG,_LABEL_KOSONG_
22\DER\IM000001.JPG,_LABEL_KOSONG_
22\DER\IM000002.JPG,_LABEL_KOSONG_
22\DER\IM000003.JPG,_LABEL_KOSONG_
22\DER\IM000004.JPG,_LABEL_KOSONG_
22\DER\IM000005.JPG,_LABEL_KOSONG_
22\IZQ\IM000006.JPG,_LABEL_KOSONG_
22\IZQ\IM000007.JPG,_LABEL_KOSONG_
22\IZQ\IM000008.JPG,_LABEL_KOSONG_
22\IZQ\IM000009.JPG,_LABEL_KOSONG_
22\IZQ\IM000010.JPG,_LABEL_KOSONG_
22\IZQ\IM000011.JPG,_LABEL_KOSONG_
22\IZQ\IM000012.JPG,_LABEL_KOSONG_
23\DER\IM000001.JPG,_LABEL_KOSONG_
23\DER\IM000002.JPG,_LABEL_KOSONG_
23\DER\IM000003.JPG,_LABEL_KOSONG_
23\DER\IM000004.JPG,_LABEL_KOSONG_
23\DER\IM000005.JPG,_LABEL_KOSONG_
23\IZQ\IM000006.JPG,_LABEL_KOSONG_
23\IZQ\IM000008.JPG,_LABEL_KOSONG_
23\IZQ\IM000009.JPG,_LABEL_KOSONG_
24\DER\IM000000.JPG,_LABEL_KOSONG_
24\DER\IM000001.JPG,_LABEL_KOSONG_
24\DER\IM000002.JPG,_LABEL_KOSONG_
24\DER\IM000003.JPG,_LABEL_KOSONG_
24\DER\IM000004.JPG,_LABEL_KOSONG_
24\DER\IM000005.JPG,_LABEL_KOSONG_
24\DER\IM000006.JPG,_LABEL_KOSONG_
24\DER\IM000007.JPG,_LABEL_KOSONG_
24\IZQ\IM000008.JPG,_LABEL_KOSONG_
24\IZQ\IM000009.JPG,_LABEL_KOSONG_
24\IZQ\IM000010.JPG,_LABEL_KOSONG_
24\IZQ\IM000011.JPG,_LABEL_KOSONG_
24\IZQ\IM000012.JPG,_LABEL_KOSONG_
24\IZQ\IM000013.JPG,_LABEL_KOSONG_
24\IZQ\IM000014.JPG,_LABEL_KOSONG_
24\IZQ\IM000015.JPG,_LABEL_KOSONG_
25\DER\IM000001.JPG,_LABEL_KOSONG_
25\DER\IM000002.JPG,_LABEL_KOSONG_
25\DER\IM000003.JPG,_LABEL_KOSONG_
25\DER\IM000004.JPG,_LABEL_KOSONG_
25\DER\IM000005.JPG,_LABEL_KOSONG_
25\IZQ\IM000006.JPG,_LABEL_KOSONG_
25\IZQ\IM000007.JPG,_LABEL_KOSONG_
25\IZQ\IM000008.JPG,_LABEL_KOSONG_
25\IZQ\IM000009.JPG,_LABEL_KOSONG_
25\IZQ\IM000010.JPG,_LABEL_KOSONG_
25\IZQ\IM000011.JPG,_LABEL_KOSONG_
25\IZQ\IM000012.JPG,_LABEL_KOSONG_
26\DER\IM000000.JPG,_LABEL_KOSONG_
26\DER\IM000001.JPG,_LABEL_KOSONG_
26\DER\IM000002.JPG,_LABEL_KOSONG_
26\DER\IM000003.JPG,_LABEL_KOSONG_
26\DER\IM000004.JPG,_LABEL_KOSONG_
26\DER\IM000006.JPG,_LABEL_KOSONG_
26\IZQ\IM000007.JPG,_LABEL_KOSONG_
26\IZQ\IM000008.JPG,_LABEL_KOSONG_
26\IZQ\IM000009.JPG,_LABEL_KOSONG_
26\IZQ\IM000010.JPG,_LABEL_KOSONG_
26\IZQ\IM000011.JPG,_LABEL_KOSONG_
27\DER\IM000002.JPG,_LABEL_KOSONG_
27\DER\IM000003.JPG,_LABEL_KOSONG_
27\DER\IM000004.JPG,_LABEL_KOSONG_
27\DER\IM000005.JPG,_LABEL_KOSONG_
27\DER\IM000006.JPG,_LABEL_KOSONG_
27\IZQ\IM000007.JPG,_LABEL_KOSONG_
27\IZQ\IM000008.JPG,_LABEL_KOSONG_
27\IZQ\IM000009.JPG,_LABEL_KOSONG_
27\IZQ\IM000010.JPG,_LABEL_KOSONG_
27\IZQ\IM000011.JPG,_LABEL_KOSONG_
27\IZQ\IM000012.JPG,_LABEL_KOSONG_
28\DER\IM000001.JPG,_LABEL_KOSONG_
28\DER\IM000002.JPG,_LABEL_KOSONG_
28\DER\IM000003.JPG,_LABEL_KOSONG_
28\DER\IM000004.JPG,_LABEL_KOSONG_
28\DER\IM000005.JPG,_LABEL_KOSONG_
28\IZQ\IM000006.JPG,_LABEL_KOSONG_
28\IZQ\IM000007.JPG,_LABEL_KOSONG_
28\IZQ\IM000008.JPG,_LABEL_KOSONG_
28\IZQ\IM000009.JPG,_LABEL_KOSONG_
28\IZQ\IM000010.JPG,_LABEL_KOSONG_
28\IZQ\IM000011.JPG,_LABEL_KOSONG_
29\DER\IM000000.JPG,_LABEL_KOSONG_
29\DER\IM000001.JPG,_LABEL_KOSONG_
29\DER\IM000002.JPG,_LABEL_KOSONG_
29\DER\IM000003.JPG,_LABEL_KOSONG_
29\DER\IM000004.JPG,_LABEL_KOSONG_
29\DER\IM000005.JPG,_LABEL_KOSONG_
29\DER\IM000006.JPG,_LABEL_KOSONG_
29\IZQ\IM000007.JPG,_LABEL_KOSONG_
29\IZQ\IM000008.JPG,_LABEL_KOSONG_
29\IZQ\IM000009.JPG,_LABEL_KOSONG_
29\IZQ\IM000010.JPG,_LABEL_KOSONG_
29\IZQ\IM000011.JPG,_LABEL_KOSONG_
30\DER\IM000001.JPG,_LABEL_KOSONG_
30\DER\IM000002.JPG,_LABEL_KOSONG_
30\DER\IM000003.JPG,_LABEL_KOSONG_
30\DER\IM000004.JPG,_LABEL_KOSONG_
30\DER\IM000005.JPG,_LABEL_KOSONG_
30\DER\IM000006.JPG,_LABEL_KOSONG_
30\DER\IM000007.JPG,_LABEL_KOSONG_
30\IZQ\IM000008.JPG,_LABEL_KOSONG_
30\IZQ\IM000009.JPG,_LABEL_KOSONG_
30\IZQ\IM000010.JPG,_LABEL_KOSONG_
30\IZQ\IM000011.JPG,_LABEL_KOSONG_
30\IZQ\IM000012.JPG,_LABEL_KOSONG_
30\IZQ\IM000013.JPG,_LABEL_KOSONG_
30\IZQ\IM000014.JPG,_LABEL_KOSONG_
30\IZQ\IM000015.JPG,_LABEL_KOSONG_
30\IZQ\IM000016.JPG,_LABEL_KOSONG_
30\IZQ\IM000017.JPG,_LABEL_KOSONG_
31\DER\IM000001.JPG,_LABEL_KOSONG_
31\DER\IM000002.JPG,_LABEL_KOSONG_
31\DER\IM000003.JPG,_LABEL_KOSONG_
31\DER\IM000004.JPG,_LABEL_KOSONG_
31\DER\IM000005.JPG,_LABEL_KOSONG_
31\IZQ\IM000006.JPG,_LABEL_KOSONG_
31\IZQ\IM000007.JPG,_LABEL_KOSONG_
31\IZQ\IM000008.JPG,_LABEL_KOSONG_
31\IZQ\IM000009.JPG,_LABEL_KOSONG_
31\IZQ\IM000010.JPG,_LABEL_KOSONG_
31\IZQ\IM000011.JPG,_LABEL_KOSONG_
32\DER\IM000000.JPG,_LABEL_KOSONG_
32\DER\IM000001.JPG,_LABEL_KOSONG_
32\DER\IM000002.JPG,_LABEL_KOSONG_
32\DER\IM000003.JPG,_LABEL_KOSONG_
32\DER\IM000004.JPG,_LABEL_KOSONG_
32\IZQ\IM000005.JPG,_LABEL_KOSONG_
32\IZQ\IM000006.JPG,_LABEL_KOSONG_
32\IZQ\IM000007.JPG,_LABEL_KOSONG_
32\IZQ\IM000008.JPG,_LABEL_KOSONG_
32\IZQ\IM000009.JPG,_LABEL_KOSONG_
32\IZQ\IM000010.JPG,_LABEL_KOSONG_
33\DER\IM000001.JPG,_LABEL_KOSONG_
33\DER\IM000002.JPG,_LABEL_KOSONG_
33\DER\IM000003.JPG,_LABEL_KOSONG_
33\DER\IM000004.JPG,_LABEL_KOSONG_
33\DER\IM000005.JPG,_LABEL_KOSONG_
33\DER\IM000006.JPG,_LABEL_KOSONG_
33\IZQ\IM000007.JPG,_LABEL_KOSONG_
33\IZQ\IM000008.JPG,_LABEL_KOSONG_
33\IZQ\IM000009.JPG,_LABEL_KOSONG_
33\IZQ\IM000010.JPG,_LABEL_KOSONG_
33\IZQ\IM000011.JPG,_LABEL_KOSONG_
34\DER\IM000000.JPG,_LABEL_KOSONG_
34\DER\IM000001.JPG,_LABEL_KOSONG_
34\DER\IM000002.JPG,_LABEL_KOSONG_
34\DER\IM000003.JPG,_LABEL_KOSONG_
34\DER\IM000004.JPG,_LABEL_KOSONG_
35\DER\IM000000.JPG,_LABEL_KOSONG_
35\DER\IM000001.JPG,_LABEL_KOSONG_
35\DER\IM000002.JPG,_LABEL_KOSONG_
35\DER\IM000003.JPG,_LABEL_KOSONG_
35\DER\IM000004.JPG,_LABEL_KOSONG_
35\DER\IM000005.JPG,_LABEL_KOSONG_
36\DER\IM000000.JPG,_LABEL_KOSONG_
36\DER\IM000001.JPG,_LABEL_KOSONG_
36\DER\IM000002.JPG,_LABEL_KOSONG_
36\DER\IM000003.JPG,_LABEL_KOSONG_
36\DER\IM000004.JPG,_LABEL_KOSONG_
36\IZQ\IM000005.JPG,_LABEL_KOSONG_
36\IZQ\IM000006.JPG,_LABEL_KOSONG_
36\IZQ\IM000007.JPG,_LABEL_KOSONG_
36\IZQ\IM000008.JPG,_LABEL_KOSONG_
36\IZQ\IM000009.JPG,_LABEL_KOSONG_
36\IZQ\IM000011.JPG,_LABEL_KOSONG_
37\DER\IM000000.JPG,_LABEL_KOSONG_
37\DER\IM000001.JPG,_LABEL_KOSONG_
37\DER\IM000002.JPG,_LABEL_KOSONG_
37\DER\IM000003.JPG,_LABEL_KOSONG_
37\DER\IM000004.JPG,_LABEL_KOSONG_
37\DER\IM000005.JPG,_LABEL_KOSONG_
37\IZQ\IM000006.JPG,_LABEL_KOSONG_
37\IZQ\IM000007.JPG,_LABEL_KOSONG_
37\IZQ\IM000008.JPG,_LABEL_KOSONG_
37\IZQ\IM000009.JPG,_LABEL_KOSONG_
38\DER\IM000000.JPG,_LABEL_KOSONG_
38\DER\IM000001.JPG,_LABEL_KOSONG_
38\DER\IM000002.JPG,_LABEL_KOSONG_
38\DER\IM000003.JPG,_LABEL_KOSONG_
38\DER\IM000004.JPG,_LABEL_KOSONG_
38\DER\IM000005.JPG,_LABEL_KOSONG_
38\DER\IM000006.JPG,_LABEL_KOSONG_
38\DER\IM000007.JPG,_LABEL_KOSONG_
38\DER\IM000008.JPG,_LABEL_KOSONG_
38\DER\IM000009.JPG,_LABEL_KOSONG_
38\DER\IM000010.JPG,_LABEL_KOSONG_
38\IZQ\IM000011.JPG,_LABEL_KOSONG_
38\IZQ\IM000012.JPG,_LABEL_KOSONG_
38\IZQ\IM000013.JPG,_LABEL_KOSONG_
38\IZQ\IM000014.JPG,_LABEL_KOSONG_
38\IZQ\IM000015.JPG,_LABEL_KOSONG_
38\IZQ\IM000016.JPG,_LABEL_KOSONG_
38\IZQ\IM000017.JPG,_LABEL_KOSONG_
38\IZQ\IM000018.JPG,_LABEL_KOSONG_
38\IZQ\IM000019.JPG,_LABEL_KOSONG_
38\IZQ\IM000020.JPG,_LABEL_KOSONG_
38\IZQ\IM000021.JPG,_LABEL_KOSONG_
39\DER\IM000002.JPG,_LABEL_KOSONG_
39\DER\IM000003.JPG,_LABEL_KOSONG_
39\DER\IM000004.JPG,_LABEL_KOSONG_
39\DER\IM000005.JPG,_LABEL_KOSONG_
39\DER\IM000006.JPG,_LABEL_KOSONG_
39\IZQ\IM000007.JPG,_LABEL_KOSONG_
39\IZQ\IM000008.JPG,_LABEL_KOSONG_
39\IZQ\IM000009.JPG,_LABEL_KOSONG_
39\IZQ\IM000010.JPG,_LABEL_KOSONG_
39\IZQ\IM000011.JPG,_LABEL_KOSONG_
39\IZQ\IM000012.JPG,_LABEL_KOSONG_
40\DER\IM000000.JPG,_LABEL_KOSONG_
40\DER\IM000001.JPG,_LABEL_KOSONG_
40\DER\IM000002.JPG,_LABEL_KOSONG_
40\DER\IM000003.JPG,_LABEL_KOSONG_
40\DER\IM000004.JPG,_LABEL_KOSONG_
40\DER\IM000005.JPG,_LABEL_KOSONG_
40\IZQ\IM000006.JPG,_LABEL_KOSONG_
40\IZQ\IM000007.JPG,_LABEL_KOSONG_
40\IZQ\IM000008.JPG,_LABEL_KOSONG_
40\IZQ\IM000009.JPG,_LABEL_KOSONG_
40\IZQ\IM000010.JPG,_LABEL_KOSONG_
40\IZQ\IM000011.JPG,_LABEL_KOSONG_
40\IZQ\IM000012.JPG,_LABEL_KOSONG_
41\DER\IM000001.JPG,_LABEL_KOSONG_
41\DER\IM000002.JPG,_LABEL_KOSONG_
41\DER\IM000003.JPG,_LABEL_KOSONG_
41\DER\IM000004.JPG,_LABEL_KOSONG_
41\DER\IM000005.JPG,_LABEL_KOSONG_
41\DER\IM000006.JPG,_LABEL_KOSONG_
41\IZQ\IM000008.JPG,_LABEL_KOSONG_
41\IZQ\IM000010.JPG,_LABEL_KOSONG_
41\IZQ\IM000012.JPG,_LABEL_KOSONG_
41\IZQ\IM000015.JPG,_LABEL_KOSONG_
41\IZQ\IM000016.JPG,_LABEL_KOSONG_
41\IZQ\IM000017.JPG,_LABEL_KOSONG_
42\DER\IM000001.JPG,_LABEL_KOSONG_
42\DER\IM000002.JPG,_LABEL_KOSONG_
42\DER\IM000003.JPG,_LABEL_KOSONG_
42\DER\IM000004.JPG,_LABEL_KOSONG_
42\DER\IM000005.JPG,_LABEL_KOSONG_
42\DER\IM000006.JPG,_LABEL_KOSONG_
42\DER\IM000007.JPG,_LABEL_KOSONG_
42\IZQ\IM000008.JPG,_LABEL_KOSONG_
42\IZQ\IM000009.JPG,_LABEL_KOSONG_
42\IZQ\IM000010.JPG,_LABEL_KOSONG_
42\IZQ\IM000011.JPG,_LABEL_KOSONG_
43\Izq\IM000000.JPG,_LABEL_KOSONG_
43\Izq\IM000001.JPG,_LABEL_KOSONG_
43\Izq\IM000002.JPG,_LABEL_KOSONG_
43\Izq\IM000003.JPG,_LABEL_KOSONG_
43\Izq\IM000004.JPG,_LABEL_KOSONG_
43\Izq\IM000005.JPG,_LABEL_KOSONG_
44\DER\IM000000.JPG,_LABEL_KOSONG_
44\DER\IM000001.JPG,_LABEL_KOSONG_
44\DER\IM000002.JPG,_LABEL_KOSONG_
44\DER\IM000003.JPG,_LABEL_KOSONG_
44\DER\IM000004.JPG,_LABEL_KOSONG_
44\DER\IM000005.JPG,_LABEL_KOSONG_
44\IZQ\IM000006.JPG,_LABEL_KOSONG_
44\IZQ\IM000007.JPG,_LABEL_KOSONG_
44\IZQ\IM000008.JPG,_LABEL_KOSONG_
44\IZQ\IM000009.JPG,_LABEL_KOSONG_
44\IZQ\IM000010.JPG,_LABEL_KOSONG_
44\IZQ\IM000011.JPG,_LABEL_KOSONG_
44\IZQ\IM000012.JPG,_LABEL_KOSONG_
44\IZQ\IM000013.JPG,_LABEL_KOSONG_
45\DER\IM000000.JPG,_LABEL_KOSONG_
45\DER\IM000001.JPG,_LABEL_KOSONG_
45\DER\IM000002.JPG,_LABEL_KOSONG_
45\IZQ\IM000003.JPG,_LABEL_KOSONG_
45\IZQ\IM000004.JPG,_LABEL_KOSONG_
45\IZQ\IM000005.JPG,_LABEL_KOSONG_
45\IZQ\IM000006.JPG,_LABEL_KOSONG_
46\DER\IM000001.JPG,_LABEL_KOSONG_
46\DER\IM000002.JPG,_LABEL_KOSONG_
46\DER\IM000004.JPG,_LABEL_KOSONG_
46\DER\IM000005.JPG,_LABEL_KOSONG_
46\IZQ\IM000006.JPG,_LABEL_KOSONG_
46\IZQ\IM000008.JPG,_LABEL_KOSONG_
46\IZQ\IM000009.JPG,_LABEL_KOSONG_
46\IZQ\IM000010.JPG,_LABEL_KOSONG_
46\IZQ\IM000011.JPG,_LABEL_KOSONG_
46\IZQ\IM000012.JPG,_LABEL_KOSONG_
46\IZQ\IM000013.JPG,_LABEL_KOSONG_
47\DER\IM000000.JPG,_LABEL_KOSONG_
47\DER\IM000001.JPG,_LABEL_KOSONG_
47\DER\IM000002.JPG,_LABEL_KOSONG_
47\DER\IM000003.JPG,_LABEL_KOSONG_
47\DER\IM000004.JPG,_LABEL_KOSONG_
47\IZQ\IM000005.JPG,_LABEL_KOSONG_
47\IZQ\IM000006.JPG,_LABEL_KOSONG_
47\IZQ\IM000007.JPG,_LABEL_KOSONG_
47\IZQ\IM000008.JPG,_LABEL_KOSONG_
47\IZQ\IM000009.JPG,_LABEL_KOSONG_
47\IZQ\IM000010.JPG,_LABEL_KOSONG_
47\IZQ\IM000011.JPG,_LABEL_KOSONG_
48\DER\IM000001.JPG,_LABEL_KOSONG_
48\DER\IM000002.JPG,_LABEL_KOSONG_
48\DER\IM000003.JPG,_LABEL_KOSONG_
48\DER\IM000004.JPG,_LABEL_KOSONG_
48\DER\IM000005.JPG,_LABEL_KOSONG_
48\IZQ\IM000006.JPG,_LABEL_KOSONG_
48\IZQ\IM000007.JPG,_LABEL_KOSONG_
48\IZQ\IM000008.JPG,_LABEL_KOSONG_
48\IZQ\IM000009.JPG,_LABEL_KOSONG_
49\DER\IM000000.JPG,_LABEL_KOSONG_
49\DER\IM000001.JPG,_LABEL_KOSONG_
49\DER\IM000002.JPG,_LABEL_KOSONG_
49\DER\IM000003.JPG,_LABEL_KOSONG_
49\DER\IM000004.JPG,_LABEL_KOSONG_
49\DER\IM000005.JPG,_LABEL_KOSONG_
49\IZQ\IM000006.JPG,_LABEL_KOSONG_
49\IZQ\IM000007.JPG,_LABEL_KOSONG_
49\IZQ\IM000008.JPG,_LABEL_KOSONG_
49\IZQ\IM000009.JPG,_LABEL_KOSONG_
49\IZQ\IM000010.JPG,_LABEL_KOSONG_
50\DER\IM000000.JPG,_LABEL_KOSONG_
50\DER\IM000001.JPG,_LABEL_KOSONG_
50\DER\IM000002.JPG,_LABEL_KOSONG_
50\DER\IM000003.JPG,_LABEL_KOSONG_
50\DER\IM000004.JPG,_LABEL_KOSONG_
50\IZQ\IM000005.JPG,_LABEL_KOSONG_
50\IZQ\IM000006.JPG,_LABEL_KOSONG_
50\IZQ\IM000007.JPG,_LABEL_KOSONG_
50\IZQ\IM000008.JPG,_LABEL_KOSONG_
50\IZQ\IM000009.JPG,_LABEL_KOSONG_
50\IZQ\IM000010.JPG,_LABEL_KOSONG_
51\DER\IM000001.JPG,_LABEL_KOSONG_
51\DER\IM000002.JPG,_LABEL_KOSONG_
51\DER\IM000003.JPG,_LABEL_KOSONG_
51\DER\IM000004.JPG,_LABEL_KOSONG_
51\DER\IM000005.JPG,_LABEL_KOSONG_
51\IZQ\IM000006.JPG,_LABEL_KOSONG_
51\IZQ\IM000007.JPG,_LABEL_KOSONG_
51\IZQ\IM000008.JPG,_LABEL_KOSONG_
51\IZQ\IM000009.JPG,_LABEL_KOSONG_
51\IZQ\IM000010.JPG,_LABEL_KOSONG_
52\DER\IM000000.JPG,_LABEL_KOSONG_
52\DER\IM000001.JPG,_LABEL_KOSONG_
52\DER\IM000002.JPG,_LABEL_KOSONG_
52\DER\IM000003.JPG,_LABEL_KOSONG_
52\DER\IM000004.JPG,_LABEL_KOSONG_
52\DER\IM000005.JPG,_LABEL_KOSONG_
52\IZQ\IM000006.JPG,_LABEL_KOSONG_
52\IZQ\IM000007.JPG,_LABEL_KOSONG_
52\IZQ\IM000008.JPG,_LABEL_KOSONG_
52\IZQ\IM000009.JPG,_LABEL_KOSONG_
52\IZQ\IM000010.JPG,_LABEL_KOSONG_
52\IZQ\IM000011.JPG,_LABEL_KOSONG_
52\IZQ\IM000012.JPG,_LABEL_KOSONG_
53\DER\IM000000.JPG,_LABEL_KOSONG_
53\DER\IM000001.JPG,_LABEL_KOSONG_
53\DER\IM000002.JPG,_LABEL_KOSONG_
53\DER\IM000003.JPG,_LABEL_KOSONG_
53\DER\IM000004.JPG,_LABEL_KOSONG_
53\DER\IM000005.JPG,_LABEL_KOSONG_
53\DER\IM000006.JPG,_LABEL_KOSONG_
53\DER\IM000007.JPG,_LABEL_KOSONG_
53\IZQ\IM000008.JPG,_LABEL_KOSONG_
53\IZQ\IM000009.JPG,_LABEL_KOSONG_
53\IZQ\IM000010.JPG,_LABEL_KOSONG_
53\IZQ\IM000011.JPG,_LABEL_KOSONG_
54\DER\IM000001.JPG,_LABEL_KOSONG_
54\DER\IM000002.JPG,_LABEL_KOSONG_
54\DER\IM000003.JPG,_LABEL_KOSONG_
54\DER\IM000004.JPG,_LABEL_KOSONG_
54\DER\IM000005.JPG,_LABEL_KOSONG_
54\IZQ\IM000006.JPG,_LABEL_KOSONG_
54\IZQ\IM000007.JPG,_LABEL_KOSONG_
54\IZQ\IM000008.JPG,_LABEL_KOSONG_
54\IZQ\IM000009.JPG,_LABEL_KOSONG_
54\IZQ\IM000010.JPG,_LABEL_KOSONG_
54\IZQ\IM000011.JPG,_LABEL_KOSONG_
55\DER\IM000000.JPG,_LABEL_KOSONG_
55\DER\IM000003.JPG,_LABEL_KOSONG_
55\DER\IM000004.JPG,_LABEL_KOSONG_
55\DER\IM000005.JPG,_LABEL_KOSONG_
55\DER\IM000006.JPG,_LABEL_KOSONG_
55\DER\IM000007.JPG,_LABEL_KOSONG_
55\IZQ\IM000008.JPG,_LABEL_KOSONG_
55\IZQ\IM000009.JPG,_LABEL_KOSONG_
55\IZQ\IM000010.JPG,_LABEL_KOSONG_
55\IZQ\IM000011.JPG,_LABEL_KOSONG_
55\IZQ\IM000012.JPG,_LABEL_KOSONG_
55\IZQ\IM000013.JPG,_LABEL_KOSONG_
55\IZQ\IM000014.JPG,_LABEL_KOSONG_
55\IZQ\IM000015.JPG,_LABEL_KOSONG_
56\DER\IM000000.JPG,_LABEL_KOSONG_
56\DER\IM000001.JPG,_LABEL_KOSONG_
56\DER\IM000002.JPG,_LABEL_KOSONG_
56\DER\IM000003.JPG,_LABEL_KOSONG_
56\DER\IM000004.JPG,_LABEL_KOSONG_
56\DER\IM000005.JPG,_LABEL_KOSONG_
56\IZQ\IM000006.JPG,_LABEL_KOSONG_
56\IZQ\IM000007.JPG,_LABEL_KOSONG_
56\IZQ\IM000008.JPG,_LABEL_KOSONG_
56\IZQ\IM000009.JPG,_LABEL_KOSONG_
56\IZQ\IM000010.JPG,_LABEL_KOSONG_
56\IZQ\IM000011.JPG,_LABEL_KOSONG_
57\DER\IM000000.JPG,_LABEL_KOSONG_
57\DER\IM000001.JPG,_LABEL_KOSONG_
57\DER\IM000002.JPG,_LABEL_KOSONG_
57\IZQ\IM000003.JPG,_LABEL_KOSONG_
57\IZQ\IM000004.JPG,_LABEL_KOSONG_
57\IZQ\IM000005.JPG,_LABEL_KOSONG_
58\DER\IM000000.JPG,_LABEL_KOSONG_
58\DER\IM000001.JPG,_LABEL_KOSONG_
58\DER\IM000002.JPG,_LABEL_KOSONG_
58\DER\IM000003.JPG,_LABEL_KOSONG_
58\DER\IM000004.JPG,_LABEL_KOSONG_
58\IZQ\IM000005.JPG,_LABEL_KOSONG_
58\IZQ\IM000006.JPG,_LABEL_KOSONG_
58\IZQ\IM000007.JPG,_LABEL_KOSONG_
58\IZQ\IM000008.JPG,_LABEL_KOSONG_
58\IZQ\IM000009.JPG,_LABEL_KOSONG_
58\IZQ\IM000010.JPG,_LABEL_KOSONG_
59\DER\IM000001.JPG,_LABEL_KOSONG_
59\DER\IM000002.JPG,_LABEL_KOSONG_
59\DER\IM000003.JPG,_LABEL_KOSONG_
59\DER\IM000004.JPG,_LABEL_KOSONG_
59\DER\IM000005.JPG,_LABEL_KOSONG_
59\DER\IM000006.JPG,_LABEL_KOSONG_
59\DER\IM000007.JPG,_LABEL_KOSONG_
59\IZQ\IM000008.JPG,_LABEL_KOSONG_
59\IZQ\IM000009.JPG,_LABEL_KOSONG_
59\IZQ\IM000010.JPG,_LABEL_KOSONG_
60\DER\IM000001.JPG,_LABEL_KOSONG_
60\DER\IM000002.JPG,_LABEL_KOSONG_
60\DER\IM000003.JPG,_LABEL_KOSONG_
60\DER\IM000004.JPG,_LABEL_KOSONG_
60\IZQ\IM000005.JPG,_LABEL_KOSONG_
60\IZQ\IM000006.JPG,_LABEL_KOSONG_
60\IZQ\IM000007.JPG,_LABEL_KOSONG_
60\IZQ\IM000008.JPG,_LABEL_KOSONG_
60\IZQ\IM000009.JPG,_LABEL_KOSONG_
61\IZQ\IM000000.JPG,_LABEL_KOSONG_
61\IZQ\IM000001.JPG,_LABEL_KOSONG_
61\IZQ\IM000002.JPG,_LABEL_KOSONG_
61\IZQ\IM000003.JPG,_LABEL_KOSONG_
61\IZQ\IM000004.JPG,_LABEL_KOSONG_
62\DER\IM000000.JPG,_LABEL_KOSONG_
62\DER\IM000001.JPG,_LABEL_KOSONG_
62\DER\IM000002.JPG,_LABEL_KOSONG_
62\DER\IM000003.JPG,_LABEL_KOSONG_
62\DER\IM000004.JPG,_LABEL_KOSONG_
62\DER\IM000005.JPG,_LABEL_KOSONG_
62\IZQ\IM000006.JPG,_LABEL_KOSONG_
62\IZQ\IM000007.JPG,_LABEL_KOSONG_
62\IZQ\IM000008.JPG,_LABEL_KOSONG_
62\IZQ\IM000009.JPG,_LABEL_KOSONG_
62\IZQ\IM000010.JPG,_LABEL_KOSONG_
62\IZQ\IM000011.JPG,_LABEL_KOSONG_
62\IZQ\IM000012.JPG,_LABEL_KOSONG_
62\IZQ\IM000013.JPG,_LABEL_KOSONG_
62\IZQ\IM000014.JPG,_LABEL_KOSONG_
63\DER\IM000000.JPG,_LABEL_KOSONG_
63\DER\IM000001.JPG,_LABEL_KOSONG_
63\DER\IM000002.JPG,_LABEL_KOSONG_
63\DER\IM000003.JPG,_LABEL_KOSONG_
63\DER\IM000004.JPG,_LABEL_KOSONG_
63\DER\IM000005.JPG,_LABEL_KOSONG_
63\IZQ\IM000006.JPG,_LABEL_KOSONG_
63\IZQ\IM000007.JPG,_LABEL_KOSONG_
63\IZQ\IM000008.JPG,_LABEL_KOSONG_
63\IZQ\IM000009.JPG,_LABEL_KOSONG_
63\IZQ\IM000010.JPG,_LABEL_KOSONG_
63\IZQ\IM000011.JPG,_LABEL_KOSONG_
64\DER\IM000000.JPG,_LABEL_KOSONG_
64\DER\IM000001.JPG,_LABEL_KOSONG_
64\DER\IM000002.JPG,_LABEL_KOSONG_
64\DER\IM000003.JPG,_LABEL_KOSONG_
64\IZQ\IM000004.JPG,_LABEL_KOSONG_
64\IZQ\IM000005.JPG,_LABEL_KOSONG_
64\IZQ\IM000006.JPG,_LABEL_KOSONG_
64\IZQ\IM000007.JPG,_LABEL_KOSONG_
64\IZQ\IM000008.JPG,_LABEL_KOSONG_
64\IZQ\IM000009.JPG,_LABEL_KOSONG_
65\DER\IM000000.JPG,_LABEL_KOSONG_
65\DER\IM000001.JPG,_LABEL_KOSONG_
65\DER\IM000002.JPG,_LABEL_KOSONG_
65\DER\IM000003.JPG,_LABEL_KOSONG_
65\DER\IM000004.JPG,_LABEL_KOSONG_
65\DER\IM000005.JPG,_LABEL_KOSONG_
65\IZQ\IM000006.JPG,_LABEL_KOSONG_
65\IZQ\IM000007.JPG,_LABEL_KOSONG_
65\IZQ\IM000008.JPG,_LABEL_KOSONG_
65\IZQ\IM000009.JPG,_LABEL_KOSONG_
65\IZQ\IM000010.JPG,_LABEL_KOSONG_
65\IZQ\IM000011.JPG,_LABEL_KOSONG_
65\IZQ\IM000012.JPG,_LABEL_KOSONG_
66\DER\IM000001.JPG,_LABEL_KOSONG_
66\DER\IM000002.JPG,_LABEL_KOSONG_
66\DER\IM000003.JPG,_LABEL_KOSONG_
66\DER\IM000004.JPG,_LABEL_KOSONG_
66\DER\IM000005.JPG,_LABEL_KOSONG_
66\DER\IM000006.JPG,_LABEL_KOSONG_
66\IZQ\IM000007.JPG,_LABEL_KOSONG_
66\IZQ\IM000008.JPG,_LABEL_KOSONG_
66\IZQ\IM000009.JPG,_LABEL_KOSONG_
66\IZQ\IM000010.JPG,_LABEL_KOSONG_
66\IZQ\IM000011.JPG,_LABEL_KOSONG_
66\IZQ\IM000012.JPG,_LABEL_KOSONG_
67\DER\IM000000.JPG,_LABEL_KOSONG_
67\DER\IM000001.JPG,_LABEL_KOSONG_
67\DER\IM000002.JPG,_LABEL_KOSONG_
67\DER\IM000003.JPG,_LABEL_KOSONG_
67\DER\IM000004.JPG,_LABEL_KOSONG_
67\IZQ\IM000005.JPG,_LABEL_KOSONG_
67\IZQ\IM000006.JPG,_LABEL_KOSONG_
67\IZQ\IM000007.JPG,_LABEL_KOSONG_
67\IZQ\IM000008.JPG,_LABEL_KOSONG_
67\IZQ\IM000009.JPG,_LABEL_KOSONG_
67\IZQ\IM000010.JPG,_LABEL_KOSONG_
68\DER\IM000000.JPG,_LABEL_KOSONG_
68\DER\IM000001.JPG,_LABEL_KOSONG_
68\DER\IM000002.JPG,_LABEL_KOSONG_
68\DER\IM000003.JPG,_LABEL_KOSONG_
68\DER\IM000004.JPG,_LABEL_KOSONG_
68\DER\IM000005.JPG,_LABEL_KOSONG_
68\IZQ\IM000006.JPG,_LABEL_KOSONG_
68\IZQ\IM000007.JPG,_LABEL_KOSONG_
68\IZQ\IM000008.JPG,_LABEL_KOSONG_
68\IZQ\IM000009.JPG,_LABEL_KOSONG_
68\IZQ\IM000010.JPG,_LABEL_KOSONG_
68\IZQ\IM000011.JPG,_LABEL_KOSONG_
68\IZQ\IM000012.JPG,_LABEL_KOSONG_
68\IZQ\IM000013.JPG,_LABEL_KOSONG_
68\IZQ\IM000014.JPG,_LABEL_KOSONG_
68\IZQ\IM000015.JPG,_LABEL_KOSONG_
69\DER\IM000000.JPG,_LABEL_KOSONG_
69\DER\IM000001.JPG,_LABEL_KOSONG_
69\DER\IM000002.JPG,_LABEL_KOSONG_
69\DER\IM000003.JPG,_LABEL_KOSONG_
69\DER\IM000004.JPG,_LABEL_KOSONG_
69\DER\IM000005.JPG,_LABEL_KOSONG_
69\DER\IM000012.JPG,_LABEL_KOSONG_
69\IZQ\IM000006.JPG,_LABEL_KOSONG_
69\IZQ\IM000007.JPG,_LABEL_KOSONG_
69\IZQ\IM000008.JPG,_LABEL_KOSONG_
69\IZQ\IM000009.JPG,_LABEL_KOSONG_
69\IZQ\IM000010.JPG,_LABEL_KOSONG_
69\IZQ\IM000011.JPG,_LABEL_KOSONG_
70\DER\IM000001.JPG,_LABEL_KOSONG_
70\DER\IM000002.JPG,_LABEL_KOSONG_
70\DER\IM000003.JPG,_LABEL_KOSONG_
70\DER\IM000004.JPG,_LABEL_KOSONG_
70\DER\IM000005.JPG,_LABEL_KOSONG_
70\DER\IM000006.JPG,_LABEL_KOSONG_
70\IZQ\IM000007.JPG,_LABEL_KOSONG_
70\IZQ\IM000008.JPG,_LABEL_KOSONG_
70\IZQ\IM000009.JPG,_LABEL_KOSONG_
70\IZQ\IM000010.JPG,_LABEL_KOSONG_
70\IZQ\IM000011.JPG,_LABEL_KOSONG_
71\DER\IM000001.JPG,_LABEL_KOSONG_
71\DER\IM000002.JPG,_LABEL_KOSONG_
71\DER\IM000003.JPG,_LABEL_KOSONG_
71\DER\IM000004.JPG,_LABEL_KOSONG_
71\DER\IM000005.JPG,_LABEL_KOSONG_
71\DER\IM000006.JPG,_LABEL_KOSONG_
71\DER\IM000007.JPG,_LABEL_KOSONG_
71\IZQ\IM000008.JPG,_LABEL_KOSONG_
71\IZQ\IM000009.JPG,_LABEL_KOSONG_
71\IZQ\IM000010.JPG,_LABEL_KOSONG_
72\DER\IM000000.JPG,_LABEL_KOSONG_
72\DER\IM000001.JPG,_LABEL_KOSONG_
72\DER\IM000002.JPG,_LABEL_KOSONG_
72\DER\IM000003.JPG,_LABEL_KOSONG_
72\DER\IM000004.JPG,_LABEL_KOSONG_
72\DER\IM000005.JPG,_LABEL_KOSONG_
72\DER\IM000006.JPG,_LABEL_KOSONG_
72\IZQ\IM000007.JPG,_LABEL_KOSONG_
72\IZQ\IM000008.JPG,_LABEL_KOSONG_
72\IZQ\IM000009.JPG,_LABEL_KOSONG_
72\IZQ\IM000010.JPG,_LABEL_KOSONG_
72\IZQ\IM000011.JPG,_LABEL_KOSONG_
72\IZQ\IM000012.JPG,_LABEL_KOSONG_
72\IZQ\IM000013.JPG,_LABEL_KOSONG_
72\IZQ\IM000014.JPG,_LABEL_KOSONG_
72\IZQ\IM000015.JPG,_LABEL_KOSONG_
73\DER\IM000000.JPG,_LABEL_KOSONG_
73\DER\IM000001.JPG,_LABEL_KOSONG_
73\DER\IM000002.JPG,_LABEL_KOSONG_
73\DER\IM000003.JPG,_LABEL_KOSONG_
73\DER\IM000004.JPG,_LABEL_KOSONG_
73\DER\IM000005.JPG,_LABEL_KOSONG_
73\DER\IM000006.JPG,_LABEL_KOSONG_
73\IZQ\IM000007.JPG,_LABEL_KOSONG_
73\IZQ\IM000008.JPG,_LABEL_KOSONG_
73\IZQ\IM000009.JPG,_LABEL_KOSONG_
73\IZQ\IM000010.JPG,_LABEL_KOSONG_
73\IZQ\IM000011.JPG,_LABEL_KOSONG_
73\IZQ\IM000012.JPG,_LABEL_KOSONG_
74\DER\IM000001.JPG,_LABEL_KOSONG_
74\DER\IM000002.JPG,_LABEL_KOSONG_
74\DER\IM000003.JPG,_LABEL_KOSONG_
74\DER\IM000004.JPG,_LABEL_KOSONG_
74\DER\IM000005.JPG,_LABEL_KOSONG_
74\DER\IM000006.JPG,_LABEL_KOSONG_
74\IZQ\IM000007.JPG,_LABEL_KOSONG_
74\IZQ\IM000008.JPG,_LABEL_KOSONG_
74\IZQ\IM000009.JPG,_LABEL_KOSONG_
74\IZQ\IM000010.JPG,_LABEL_KOSONG_
74\IZQ\IM000011.JPG,_LABEL_KOSONG_
74\IZQ\IM000012.JPG,_LABEL_KOSONG_
75\DER\IM000000.JPG,_LABEL_KOSONG_
75\DER\IM000001.JPG,_LABEL_KOSONG_
75\DER\IM000003.JPG,_LABEL_KOSONG_
75\DER\IM000004.JPG,_LABEL_KOSONG_
75\DER\IM000005.JPG,_LABEL_KOSONG_
75\DER\IM000006.JPG,_LABEL_KOSONG_
75\IZQ\IM000007.JPG,_LABEL_KOSONG_
75\IZQ\IM000008.JPG,_LABEL_KOSONG_
75\IZQ\IM000009.JPG,_LABEL_KOSONG_
75\IZQ\IM000010.JPG,_LABEL_KOSONG_
76\DER\IM000000.JPG,_LABEL_KOSONG_
76\DER\IM000001.JPG,_LABEL_KOSONG_
76\DER\IM000002.JPG,_LABEL_KOSONG_
76\DER\IM000003.JPG,_LABEL_KOSONG_
76\IZQ\IM000004.JPG,_LABEL_KOSONG_
76\IZQ\IM000005.JPG,_LABEL_KOSONG_
76\IZQ\IM000006.JPG,_LABEL_KOSONG_
76\IZQ\IM000007.JPG,_LABEL_KOSONG_
76\IZQ\IM000008.JPG,_LABEL_KOSONG_
76\IZQ\IM000009.JPG,_LABEL_KOSONG_
76\IZQ\IM000010.JPG,_LABEL_KOSONG_
77\DER\IM000000.JPG,_LABEL_KOSONG_
77\DER\IM000001.JPG,_LABEL_KOSONG_
77\DER\IM000002.JPG,_LABEL_KOSONG_
77\DER\IM000003.JPG,_LABEL_KOSONG_
77\DER\IM000004.JPG,_LABEL_KOSONG_
77\DER\IM000005.JPG,_LABEL_KOSONG_
77\DER\IM000006.JPG,_LABEL_KOSONG_
77\IZQ\IM000007.JPG,_LABEL_KOSONG_
77\IZQ\IM000008.JPG,_LABEL_KOSONG_
77\IZQ\IM000009.JPG,_LABEL_KOSONG_
77\IZQ\IM000010.JPG,_LABEL_KOSONG_
77\IZQ\IM000011.JPG,_LABEL_KOSONG_
77\IZQ\IM000012.JPG,_LABEL_KOSONG_
78\DER\IM000000.JPG,_LABEL_KOSONG_
78\DER\IM000001.JPG,_LABEL_KOSONG_
78\DER\IM000002.JPG,_LABEL_KOSONG_
78\DER\IM000003.JPG,_LABEL_KOSONG_
78\DER\IM000004.JPG,_LABEL_KOSONG_
78\DER\IM000005.JPG,_LABEL_KOSONG_
79\DER\IM000001.JPG,_LABEL_KOSONG_
79\DER\IM000002.JPG,_LABEL_KOSONG_
79\DER\IM000003.JPG,_LABEL_KOSONG_
79\DER\IM000004.JPG,_LABEL_KOSONG_
79\DER\IM000005.JPG,_LABEL_KOSONG_
79\DER\IM000006.JPG,_LABEL_KOSONG_
79\DER\IM000007.JPG,_LABEL_KOSONG_
79\IZQ\IM000008.JPG,_LABEL_KOSONG_
79\IZQ\IM000009.JPG,_LABEL_KOSONG_
79\IZQ\IM000010.JPG,_LABEL_KOSONG_
79\IZQ\IM000011.JPG,_LABEL_KOSONG_
79\IZQ\IM000012.JPG,_LABEL_KOSONG_
79\IZQ\IM000013.JPG,_LABEL_KOSONG_
80\DER\IM000001.JPG,_LABEL_KOSONG_
80\DER\IM000002.JPG,_LABEL_KOSONG_
80\DER\IM000003.JPG,_LABEL_KOSONG_
80\DER\IM000004.JPG,_LABEL_KOSONG_
80\DER\IM000005.JPG,_LABEL_KOSONG_
80\DER\IM000006.JPG,_LABEL_KOSONG_
80\IZQ\IM000007.JPG,_LABEL_KOSONG_
80\IZQ\IM000008.JPG,_LABEL_KOSONG_
80\IZQ\IM000009.JPG,_LABEL_KOSONG_
80\IZQ\IM000010.JPG,_LABEL_KOSONG_
80\IZQ\IM000011.JPG,_LABEL_KOSONG_
81\DER\IM000000.JPG,_LABEL_KOSONG_
81\DER\IM000001.JPG,_LABEL_KOSONG_
81\DER\IM000002.JPG,_LABEL_KOSONG_
81\DER\IM000003.JPG,_LABEL_KOSONG_
81\DER\IM000004.JPG,_LABEL_KOSONG_
81\DER\IM000005.JPG,_LABEL_KOSONG_
81\DER\IM000006.JPG,_LABEL_KOSONG_
81\IZQ\IM000007.JPG,_LABEL_KOSONG_
81\IZQ\IM000008.JPG,_LABEL_KOSONG_
82\DER\IM000000.JPG,_LABEL_KOSONG_
82\DER\IM000001.JPG,_LABEL_KOSONG_
82\DER\IM000002.JPG,_LABEL_KOSONG_
82\DER\IM000003.JPG,_LABEL_KOSONG_
82\DER\IM000004.JPG,_LABEL_KOSONG_
82\DER\IM000005.JPG,_LABEL_KOSONG_
82\IZQ\IM000006.JPG,_LABEL_KOSONG_
82\IZQ\IM000007.JPG,_LABEL_KOSONG_
82\IZQ\IM000008.JPG,_LABEL_KOSONG_
82\IZQ\IM000009.JPG,_LABEL_KOSONG_
82\IZQ\IM000010.JPG,_LABEL_KOSONG_
82\IZQ\IM000011.JPG,_LABEL_KOSONG_
83\DER\IM000000.JPG,_LABEL_KOSONG_
83\DER\IM000001.JPG,_LABEL_KOSONG_
83\DER\IM000002.JPG,_LABEL_KOSONG_
83\DER\IM000003.JPG,_LABEL_KOSONG_
83\DER\IM000004.JPG,_LABEL_KOSONG_
83\DER\IM000005.JPG,_LABEL_KOSONG_
83\DER\IM000006.JPG,_LABEL_KOSONG_
83\DER\IM000007.JPG,_LABEL_KOSONG_
83\IZQ\IM000008.JPG,_LABEL_KOSONG_
83\IZQ\IM000009.JPG,_LABEL_KOSONG_
83\IZQ\IM000010.JPG,_LABEL_KOSONG_
83\IZQ\IM000011.JPG,_LABEL_KOSONG_
83\IZQ\IM000012.JPG,_LABEL_KOSONG_
84\DER\IM000000.JPG,_LABEL_KOSONG_
84\DER\IM000001.JPG,_LABEL_KOSONG_
84\DER\IM000002.JPG,_LABEL_KOSONG_
84\DER\IM000003.JPG,_LABEL_KOSONG_
84\DER\IM000004.JPG,_LABEL_KOSONG_
84\DER\IM000005.JPG,_LABEL_KOSONG_
84\DER\IM000006.JPG,_LABEL_KOSONG_
84\DER\IM000007.JPG,_LABEL_KOSONG_
84\DER\IM000008.JPG,_LABEL_KOSONG_
84\DER\IM000009.JPG,_LABEL_KOSONG_
85\DER\IM000001.JPG,_LABEL_KOSONG_
85\DER\IM000002.JPG,_LABEL_KOSONG_
85\DER\IM000003.JPG,_LABEL_KOSONG_
85\DER\IM000004.JPG,_LABEL_KOSONG_
85\DER\IM000005.JPG,_LABEL_KOSONG_
85\DER\IM000006.JPG,_LABEL_KOSONG_
85\IZQ\IM000007.JPG,_LABEL_KOSONG_
85\IZQ\IM000008.JPG,_LABEL_KOSONG_
85\IZQ\IM000011.JPG,_LABEL_KOSONG_
86\DER\IM000000.JPG,_LABEL_KOSONG_
86\DER\IM000001.JPG,_LABEL_KOSONG_
86\DER\IM000002.JPG,_LABEL_KOSONG_
86\DER\IM000003.JPG,_LABEL_KOSONG_
86\DER\IM000004.JPG,_LABEL_KOSONG_
86\IZQ\IM000005.JPG,_LABEL_KOSONG_
86\IZQ\IM000006.JPG,_LABEL_KOSONG_
86\IZQ\IM000007.JPG,_LABEL_KOSONG_
86\IZQ\IM000008.JPG,_LABEL_KOSONG_
86\IZQ\IM000009.JPG,_LABEL_KOSONG_
86\IZQ\IM000010.JPG,_LABEL_KOSONG_
86\IZQ\IM000011.JPG,_LABEL_KOSONG_
87\DER\IM000000.JPG,_LABEL_KOSONG_
87\DER\IM000005.JPG,_LABEL_KOSONG_
87\DER\IM000006.JPG,_LABEL_KOSONG_
87\DER\IM000007.JPG,_LABEL_KOSONG_
87\IZQ\IM000008.JPG,_LABEL_KOSONG_
87\IZQ\IM000009.JPG,_LABEL_KOSONG_
87\IZQ\IM000010.JPG,_LABEL_KOSONG_
87\IZQ\IM000011.JPG,_LABEL_KOSONG_
87\IZQ\IM000013.JPG,_LABEL_KOSONG_
88\DER\IM000000.JPG,_LABEL_KOSONG_
88\DER\IM000001.JPG,_LABEL_KOSONG_
88\DER\IM000002.JPG,_LABEL_KOSONG_
88\DER\IM000003.JPG,_LABEL_KOSONG_
88\DER\IM000004.JPG,_LABEL_KOSONG_
88\DER\IM000005.JPG,_LABEL_KOSONG_
88\DER\IM000006.JPG,_LABEL_KOSONG_
88\IZQ\IM000007.JPG,_LABEL_KOSONG_
88\IZQ\IM000008.JPG,_LABEL_KOSONG_
88\IZQ\IM000009.JPG,_LABEL_KOSONG_
88\IZQ\IM000010.JPG,_LABEL_KOSONG_
88\IZQ\IM000011.JPG,_LABEL_KOSONG_
88\IZQ\IM000012.JPG,_LABEL_KOSONG_
89\DER\IM000001.JPG,_LABEL_KOSONG_
89\DER\IM000002.JPG,_LABEL_KOSONG_
89\DER\IM000003.JPG,_LABEL_KOSONG_
89\DER\IM000004.JPG,_LABEL_KOSONG_
89\DER\IM000005.JPG,_LABEL_KOSONG_
89\DER\IM000006.JPG,_LABEL_KOSONG_
89\IZQ\IM000007.JPG,_LABEL_KOSONG_
89\IZQ\IM000008.JPG,_LABEL_KOSONG_
89\IZQ\IM000009.JPG,_LABEL_KOSONG_
89\IZQ\IM000010.JPG,_LABEL_KOSONG_
90\DER\IM000000.JPG,_LABEL_KOSONG_
90\DER\IM000001.JPG,_LABEL_KOSONG_
90\DER\IM000002.JPG,_LABEL_KOSONG_
90\DER\IM000003.JPG,_LABEL_KOSONG_
90\DER\IM000004.JPG,_LABEL_KOSONG_
90\DER\IM000005.JPG,_LABEL_KOSONG_
90\DER\IM000006.JPG,_LABEL_KOSONG_
90\IZQ\IM000007.JPG,_LABEL_KOSONG_
90\IZQ\IM000008.JPG,_LABEL_KOSONG_
90\IZQ\IM000009.JPG,_LABEL_KOSONG_
90\IZQ\IM000010.JPG,_LABEL_KOSONG_
90\IZQ\IM000011.JPG,_LABEL_KOSONG_
91\DER\IM000002.JPG,_LABEL_KOSONG_
91\DER\IM000003.JPG,_LABEL_KOSONG_
91\DER\IM000005.JPG,_LABEL_KOSONG_
91\DER\IM000006.JPG,_LABEL_KOSONG_
91\IZQ\IM000007.JPG,_LABEL_KOSONG_
91\IZQ\IM000008.JPG,_LABEL_KOSONG_
91\IZQ\IM000009.JPG,_LABEL_KOSONG_
91\IZQ\IM000010.JPG,_LABEL_KOSONG_
91\IZQ\IM000011.JPG,_LABEL_KOSONG_
91\IZQ\IM000012.JPG,_LABEL_KOSONG_
91\IZQ\IM000013.JPG,_LABEL_KOSONG_
91\IZQ\IM000014.JPG,_LABEL_KOSONG_
92\DER\IM000001.JPG,_LABEL_KOSONG_
92\DER\IM000002.JPG,_LABEL_KOSONG_
92\DER\IM000003.JPG,_LABEL_KOSONG_
92\DER\IM000004.JPG,_LABEL_KOSONG_
92\DER\IM000005.JPG,_LABEL_KOSONG_
92\IZQ\IM000006.JPG,_LABEL_KOSONG_
92\IZQ\IM000007.JPG,_LABEL_KOSONG_
92\IZQ\IM000008.JPG,_LABEL_KOSONG_
92\IZQ\IM000009.JPG,_LABEL_KOSONG_
92\IZQ\IM000010.JPG,_LABEL_KOSONG_
92\IZQ\IM000011.JPG,_LABEL_KOSONG_
92\IZQ\IM000012.JPG,_LABEL_KOSONG_
92\IZQ\IM000013.JPG,_LABEL_KOSONG_
93\DER\IM000001.JPG,_LABEL_KOSONG_
93\DER\IM000002.JPG,_LABEL_KOSONG_
93\DER\IM000003.JPG,_LABEL_KOSONG_
93\DER\IM000004.JPG,_LABEL_KOSONG_
93\DER\IM000005.JPG,_LABEL_KOSONG_
93\DER\IM000006.JPG,_LABEL_KOSONG_
93\DER\IM000007.JPG,_LABEL_KOSONG_
93\IZQ\IM000008.JPG,_LABEL_KOSONG_
93\IZQ\IM000009.JPG,_LABEL_KOSONG_
93\IZQ\IM000010.JPG,_LABEL_KOSONG_
93\IZQ\IM000011.JPG,_LABEL_KOSONG_
93\IZQ\IM000012.JPG,_LABEL_KOSONG_
93\IZQ\IM000013.JPG,_LABEL_KOSONG_
94\DER\IM000000.JPG,_LABEL_KOSONG_
94\DER\IM000001.JPG,_LABEL_KOSONG_
94\DER\IM000002.JPG,_LABEL_KOSONG_
94\DER\IM000003.JPG,_LABEL_KOSONG_
94\DER\IM000004.JPG,_LABEL_KOSONG_
94\DER\IM000005.JPG,_LABEL_KOSONG_
94\IZQ\IM000006.JPG,_LABEL_KOSONG_
94\IZQ\IM000007.JPG,_LABEL_KOSONG_
94\IZQ\IM000008.JPG,_LABEL_KOSONG_
94\IZQ\IM000009.JPG,_LABEL_KOSONG_
94\IZQ\IM000010.JPG,_LABEL_KOSONG_
95\DER\IM000000.JPG,_LABEL_KOSONG_
95\DER\IM000001.JPG,_LABEL_KOSONG_
95\DER\IM000002.JPG,_LABEL_KOSONG_
95\DER\IM000003.JPG,_LABEL_KOSONG_
95\DER\IM000004.JPG,_LABEL_KOSONG_
95\DER\IM000005.JPG,_LABEL_KOSONG_
95\IZQ\IM000006.JPG,_LABEL_KOSONG_
95\IZQ\IM000007.JPG,_LABEL_KOSONG_
95\IZQ\IM000008.JPG,_LABEL_KOSONG_
95\IZQ\IM000009.JPG,_LABEL_KOSONG_
95\IZQ\IM000010.JPG,_LABEL_KOSONG_
96\DER\IM000001.JPG,_LABEL_KOSONG_
96\DER\IM000002.JPG,_LABEL_KOSONG_
96\DER\IM000003.JPG,_LABEL_KOSONG_
96\DER\IM000004.JPG,_LABEL_KOSONG_
96\DER\IM000005.JPG,_LABEL_KOSONG_
96\DER\IM000006.JPG,_LABEL_KOSONG_
96\DER\IM000007.JPG,_LABEL_KOSONG_
96\IZQ\IM000008.JPG,_LABEL_KOSONG_
96\IZQ\IM000009.JPG,_LABEL_KOSONG_
96\IZQ\IM000010.JPG,_LABEL_KOSONG_
96\IZQ\IM000011.JPG,_LABEL_KOSONG_
96\IZQ\IM000012.JPG,_LABEL_KOSONG_
96\IZQ\IM000013.JPG,_LABEL_KOSONG_
97\DER\IM000000.JPG,_LABEL_KOSONG_
97\DER\IM000001.JPG,_LABEL_KOSONG_
97\DER\IM000002.JPG,_LABEL_KOSONG_
97\DER\IM000003.JPG,_LABEL_KOSONG_
97\IZQ\IM000004.JPG,_LABEL_KOSONG_
97\IZQ\IM000005.JPG,_LABEL_KOSONG_
97\IZQ\IM000006.JPG,_LABEL_KOSONG_
97\IZQ\IM000007.JPG,_LABEL_KOSONG_
98\DER\IM000000.JPG,_LABEL_KOSONG_
98\DER\IM000001.JPG,_LABEL_KOSONG_
98\DER\IM000002.JPG,_LABEL_KOSONG_
98\DER\IM000003.JPG,_LABEL_KOSONG_
98\DER\IM000004.JPG,_LABEL_KOSONG_
98\DER\IM000005.JPG,_LABEL_KOSONG_
98\DER\IM000006.JPG,_LABEL_KOSONG_
98\DER\IM000007.JPG,_LABEL_KOSONG_
98\DER\IM000008.JPG,_LABEL_KOSONG_
98\IZQ\IM000009.JPG,_LABEL_KOSONG_
98\IZQ\IM000010.JPG,_LABEL_KOSONG_
98\IZQ\IM000011.JPG,_LABEL_KOSONG_
98\IZQ\IM000012.JPG,_LABEL_KOSONG_
98\IZQ\IM000013.JPG,_LABEL_KOSONG_
98\IZQ\IM000014.JPG,_LABEL_KOSONG_
98\IZQ\IM000015.JPG,_LABEL_KOSONG_
98\IZQ\IM000016.JPG,_LABEL_KOSONG_
98\IZQ\IM000017.JPG,_LABEL_KOSONG_
99\DER\IM000001.JPG,_LABEL_KOSONG_
99\DER\IM000002.JPG,_LABEL_KOSONG_
99\DER\IM000003.JPG,_LABEL_KOSONG_
99\DER\IM000004.JPG,_LABEL_KOSONG_
99\DER\IM000005.JPG,_LABEL_KOSONG_
99\DER\IM000006.JPG,_LABEL_KOSONG_
99\DER\IM000007.JPG,_LABEL_KOSONG_
99\IZQ\IM000008.JPG,_LABEL_KOSONG_
99\IZQ\IM000009.JPG,_LABEL_KOSONG_
99\IZQ\IM000010.JPG,_LABEL_KOSONG_
99\IZQ\IM000011.JPG,_LABEL_KOSONG_
99\IZQ\IM000012.JPG,_LABEL_KOSONG_
99\IZQ\IM000013.JPG,_LABEL_KOSONG_
99\IZQ\IM000014.JPG,_LABEL_KOSONG_
